<?xml version="1.0" encoding="UTF-8"?>
<beans xmlns="http://www.springframework.org/schema/beans" xmlns:xsi="http://www.w3.org/2001/XMLSchema-instance" xmlns:p="http://www.springframework.org/schema/p" xmlns:aop="http://www.springframework.org/schema/aop" xmlns:context="http://www.springframework.org/schema/context" xmlns:jee="http://www.springframework.org/schema/jee" xmlns:tx="http://www.springframework.org/schema/tx" xmlns:task="http://www.springframework.org/schema/task" xsi:schemaLocation="http://www.springframework.org/schema/aop http://www.springframework.org/schema/aop/spring-aop-3.0.xsd http://www.springframework.org/schema/beans http://www.springframework.org/schema/beans/spring-beans-3.0.xsd http://www.springframework.org/schema/context http://www.springframework.org/schema/context/spring-context-3.0.xsd http://www.springframework.org/schema/jee http://www.springframework.org/schema/jee/spring-jee-3.0.xsd http://www.springframework.org/schema/tx http://www.springframework.org/schema/tx/spring-tx-3.0.xsd http://www.springframework.org/schema/task http://www.springframework.org/schema/task/spring-task-3.0.xsd">

	<context:component-scan base-package="com.diary.service"></context:component-scan>
    <context:property-placeholder location="/WEB-INF/jdbc.properties"/>
	
	<bean id="dataSource" class="org.apache.commons.dbcp2.BasicDataSource" destroy-method="close">
        <property name="driverClassName" value="${jdbc.driverClassName}"/>
        <property name="url" value="${jdbc.url}"/>
        <property name="username" value="${jdbc.username}"/>
        <property name="password" value="${jdbc.password}"/>
        <property name="maxTotal" value="1000"/>
        <property name="maxIdle" value="0"/>
        <property name="minIdle" value="0"/>
        <property name="maxWaitMillis" value="0"/>
        <property name="defaultAutoCommit" value="true"/>
        <!-- <property name="enableAutocommitOnReturn" value="true"/> -->
    </bean>

	<bean id="applicationContextProvder" class="com.diary.util.ApplicationContextProvider"/>
	
	<!-- Dao configuration -->
	<bean id="diaryDao" class="com.diary.dao.impl.DiaryDaoImpl"></bean>
	<bean id="orderDao" class="com.diary.dao.impl.OrderDaoImpl"></bean>
	
</beans>